codice_aic;principio_attivo;codice_atc
10000038;Pentaeritritile tetranitrato;C01DA05
10058030;Nistatina;A07AA02
10058030;Nistatina;D01AA01
10058030;Nistatina;G01AA01
10344012;Mercaptopurina;L01BB02
10681029;Disulfiram;N07BB01
10681029;Disulfiram;P03AA04
10800011;Pirazinamide;J04AK01
10852022;Clorpromazina;N05AA01
10852034;Clorpromazina;N05AA01
10861019;Ergocalciferolo;A11CC01
11226091;Teofillina;R03DA04
11782012;Acenocumarolo;B01AA07
11782024;Acenocumarolo;B01AA07
12048031;Sulfasalazina;A07EC01
13972056;Triamcinolone;S01BA05
13972056;Triamcinolone;R01AD11
13972056;Triamcinolone;A01AC01
13972056;Triamcinolone;D07AB09
13972056;Triamcinolone;D07XB02
13972056;Triamcinolone;H02AB08
13972056;Triamcinolone;R03BA06
13986043;Idrocortisone;D07AB02
13986043;Idrocortisone;A07EA02
13986043;Idrocortisone;A01AC03
13986043;Idrocortisone;S01BA02
13986043;Idrocortisone;H02AB09
13986043;Idrocortisone;D07XA01
13986043;Idrocortisone;D07AA02
13986043;Idrocortisone;C05AA01
13986043;Idrocortisone;S02BA01
13986043;Idrocortisone;S01CB03
14136028;Metixene;N04AA03
14159040;Metilprednisolone;H02AB04
14159040;Metilprednisolone;D07AC14
14159040;Metilprednisolone;D10AA02
14159040;Metilprednisolone;D07AA01
14166033;Digossina;C01AA05
14166045;Digossina;C01AA05
14729038;Desametasone;A01AC02
14729038;Desametasone;D10AA03
14729038;Desametasone;C05AA09
14729038;Desametasone;S03BA01
14729038;Desametasone;S02BA06
14729038;Desametasone;S01CB01
14729038;Desametasone;S01BA01
14729038;Desametasone;R01AD03
14729038;Desametasone;H02AB02
14729038;Desametasone;D07XB05
14729038;Desametasone;D07AB19
14729141;Desametasone;D10AA03
14729141;Desametasone;S03BA01
14729141;Desametasone;S02BA06
14729141;Desametasone;S01CB01
14729141;Desametasone;S01BA01
14729141;Desametasone;R01AD03
14729141;Desametasone;H02AB02
14729141;Desametasone;D07XB05
14729141;Desametasone;D07AB19
14729141;Desametasone;C05AA09
14729141;Desametasone;A01AC02
14969012;Imipramina;N06AA02
14969024;Imipramina;N06AA02
15148099;Medrossiprogesterone;G03AC06
15148099;Medrossiprogesterone;L02AB02
15148099;Medrossiprogesterone;G03DA02
15148125;Medrossiprogesterone;G03DA02
15148125;Medrossiprogesterone;L02AB02
15148125;Medrossiprogesterone;G03AC06
15148137;Medrossiprogesterone;G03DA02
15148137;Medrossiprogesterone;L02AB02
15148137;Medrossiprogesterone;G03AC06
15148149;Medrossiprogesterone;L02AB02
15148149;Medrossiprogesterone;G03DA02
15148149;Medrossiprogesterone;G03AC06
15228012;Levomepromazina;N05AA02
15228024;Levomepromazina;N05AA02
15628011;Ciclofosfamide;L01AA01
15724026;Digossina;C01AA05
15724038;Digossina;C01AA05
15724053;Digossina;C01AA05
15724065;Digossina;C01AA05
15724077;Digossina;C01AA05
15839095;Metilprednisolone;D07AA01
15839095;Metilprednisolone;D07AC14
15839095;Metilprednisolone;H02AB04
15839095;Metilprednisolone;D10AA02
15960014;Diidrocodeina;N02AA08
16366027;Warfarin;B01AA03
16479040;Biperidene;N04AA02
16531016;Paromomicina;A07AA06
16762041;Griseofulvina;D01AA08
16762041;Griseofulvina;D01BA01
16805018;Aloperidolo;N05AD01
16805020;Aloperidolo;N05AD01
16805044;Aloperidolo;N05AD01
16805107;Aloperidolo;N05AD01
16861015;Clortalidone;C03BA04
17932029;Metilprednisolone;D10AA02
17932029;Metilprednisolone;D07AA01
17932029;Metilprednisolone;D07AC14
17932029;Metilprednisolone;H02AB04
18269035;Isosorbide dinitrato;C01DA08
18269035;Isosorbide dinitrato;D03AX08
18269050;Isosorbide dinitrato;D03AX08
18269050;Isosorbide dinitrato;C01DA08
18610079;Levocarnitina;A16AA01
18725010;Niclosamide;P02DA01
18930038;Etosuccimide;N03AD01
19184050;Trifluoperazina;N05AB06
19184062;Trifluoperazina;N05AB06
19408018;Spironolattone;C03DA01
19499019;Desametasone;S01BA01
19499019;Desametasone;S03BA01
19499019;Desametasone;S02BA06
19499019;Desametasone;S01CB01
19499019;Desametasone;R01AD03
19499019;Desametasone;H02AB02
19499019;Desametasone;D07XB05
19499019;Desametasone;D07AB19
19499019;Desametasone;C05AA09
19499019;Desametasone;A01AC02
19499019;Desametasone;D10AA03
19499060;Desametasone;S03BA01
19499060;Desametasone;D10AA03
19499060;Desametasone;A01AC02
19499060;Desametasone;C05AA09
19499060;Desametasone;D07AB19
19499060;Desametasone;D07XB05
19499060;Desametasone;H02AB02
19499060;Desametasone;R01AD03
19499060;Desametasone;S01BA01
19499060;Desametasone;S01CB01
19499060;Desametasone;S02BA06
19499072;Desametasone;D07AB19
19499072;Desametasone;D10AA03
19499072;Desametasone;A01AC02
19499072;Desametasone;C05AA09
19499072;Desametasone;S03BA01
19499072;Desametasone;D07XB05
19499072;Desametasone;H02AB02
19499072;Desametasone;R01AD03
19499072;Desametasone;S01BA01
19499072;Desametasone;S01CB01
19499072;Desametasone;S02BA06
19499084;Desametasone;D10AA03
19499084;Desametasone;D07AB19
19499084;Desametasone;C05AA09
19499084;Desametasone;A01AC02
19499084;Desametasone;S01BA01
19499084;Desametasone;S01CB01
19499084;Desametasone;S02BA06
19499084;Desametasone;S03BA01
19499084;Desametasone;R01AD03
19499084;Desametasone;H02AB02
19499084;Desametasone;D07XB05
19803016;Amitriptilina;N06AA09
19822028;Spironolattone;C03DA01
19822030;Spironolattone;C03DA01
19888015;Metotrexato;L01BA01
19888015;Metotrexato;L04AX03
19888116;Metotrexato;L01BA01
19888116;Metotrexato;L04AX03
19888128;Metotrexato;L04AX03
19888128;Metotrexato;L01BA01
19888130;Metotrexato;L01BA01
19888130;Metotrexato;L04AX03
19888142;Metotrexato;L01BA01
19888142;Metotrexato;L04AX03
19906054;Amitriptilina;N06AA09
19913019;Spironolattone;C03DA01
19913021;Spironolattone;C03DA01
19913033;Spironolattone;C03DA01
19924012;Eritromicina;J01FA01
19924012;Eritromicina;S01AA17
19924012;Eritromicina;D10AF02
19954015;Metildopa;C02AB
20008052;Didrogesterone;G03DB01
20019016;Amitriptilina;N06AA09
20019028;Amitriptilina;N06AA09
20118016;Trimipramina;N06AA06
20118028;Trimipramina;N06AA06
20118030;Trimipramina;N06AA06
20121036;Ampicillina;S01AA19
20121036;Ampicillina;J01CA01
20177010;Paromomicina;A07AA06
20294029;Mannitolo;B05BC01
20294029;Mannitolo;A06AD16
20294029;Mannitolo;B05CX04
20328151;Medrossiprogesterone;L02AB02
20328151;Medrossiprogesterone;G03AC06
20328151;Medrossiprogesterone;G03DA02
20329064;Medrossiprogesterone;G03AC06
20329064;Medrossiprogesterone;L02AB02
20329064;Medrossiprogesterone;G03DA02
20329076;Medrossiprogesterone;L02AB02
20329076;Medrossiprogesterone;G03DA02
20329076;Medrossiprogesterone;G03AC06
20417034;Deferoxamina;V03AC01
20601023;Lincomicina;J01FF02
20601035;Lincomicina;J01FF02
20609071;Verapamil;C08DA01
20609095;Verapamil;C08DA01
20676019;Indometacina;C01EB03
20676019;Indometacina;M01AB01
20676019;Indometacina;S01BC01
20676019;Indometacina;M02AA23
20676021;Indometacina;M01AB01
20676021;Indometacina;S01BC01
20676021;Indometacina;C01EB03
20676021;Indometacina;M02AA23
20711065;Oxacillina;J01CF04
20739025;Periciazina;N05AC01
20739037;Periciazina;N05AC01
20773026;Clomifene;G03GB02
20846010;Procarbazina;L01XB01
20851034;Floroglucinolo;A03AX12
20854028;Propranololo;C07AA05
20854081;Propranololo;C07AA05
20925018;Isosorbide dinitrato;C01DA08
20925018;Isosorbide dinitrato;D03AX08
20925032;Isosorbide dinitrato;D03AX08
20925032;Isosorbide dinitrato;C01DA08
21053018;Noretisterone;G03AC01
21053018;Noretisterone;G03DC02
21110097;Rifampicina;J04AB02
21110135;Rifampicina;J04AB02
21153010;Nortriptilina;N06AA10
21153022;Nortriptilina;N06AA10
21226016;Estradiolo;G03CA03
21250030;Melfalan;L01AA03
21257023;Etambutolo;J04AK02
2129017;Fenitoina;N03AB02
21410030;Pentazocina;N02AD01
21458017;Acido tranexamico;B02AA02
21502024;Clonidina;S01EA04
21502024;Clonidina;C02AC01
21502024;Clonidina;N02CX02
21553021;Clotiapina;N05AX09
21553021;Clotiapina;N05AH06
21575016;Glibenclamide;A10BB01
21642018;Glibenclamide;A10BB01
21649037;Metaciclina;J01AA05
21894035;Disopiramide;C01BA03
22019018;Acido tranexamico;B02AA02
22019020;Acido tranexamico;B02AA02
22051015;Allopurinolo;M04AA01
22085082;Cefalexina;J01DB01
22086110;Cefalexina;J01DB01
22240016;Minociclina;A01AB23
22240016;Minociclina;J01AA08
22323012;Trazodone;N06AX05
22323036;Trazodone;N06AX05
22323048;Trazodone;N06AX05
22323051;Trazodone;N06AX05
22323063;Trazodone;N06AX05
22323075;Trazodone;N06AX05
22323099;Trazodone;N06AX05
22323113;Trazodone;N06AX05
22323190;Trazodone;N06AX05
22410017;Glipizide;A10BB07
22437014;Pizotifene;N02CX01
22500019;Desametasone;H02AB02
22500019;Desametasone;R01AD03
22500019;Desametasone;S01BA01
22500019;Desametasone;S03BA01
22500019;Desametasone;A01AC02
22500019;Desametasone;C05AA09
22500019;Desametasone;D07AB19
22500019;Desametasone;D07XB05
22500019;Desametasone;S01CB01
22500019;Desametasone;S02BA06
22500019;Desametasone;D10AA03
22541015;Glibenclamide;A10BB01
22556068;Fluocinonide;C05AA11
22556068;Fluocinonide;D07AC08
22559037;Indometacina;C01EB03
22559037;Indometacina;M02AA23
22559037;Indometacina;M01AB01
22559037;Indometacina;S01BC01
22575029;Sulpiride;N05AL01
22592012;Glibenclamide;A10BB01
22593115;Ibuprofene;G02CC01
22593115;Ibuprofene;M01AE01
22593115;Ibuprofene;M02AA13
22620191;Acido acetilsalicilico;B01AC06
22620191;Acido acetilsalicilico;N02BA01
22620191;Acido acetilsalicilico;A01AD05
22633059;Clindamicina;J01FF01
22633059;Clindamicina;D10AF01
22633059;Clindamicina;G01AA10
22643011;Metildigossina;C01AA08
22643023;Metildigossina;C01AA08
22662098;Cefazolina;J01DB04
22674016;Pindololo;C07AA03
22711117;Lattulosio;A06AD11
22711129;Lattulosio;A06AD11
22750020;Flufenazina;N05AB02
22803047;Sucralfato;A02BX02
22825018;Tioguanina;L01BB03
22907036;Pimozide;N05AG02
22991057;Salbutamolo;R03CC02
22991057;Salbutamolo;R03AC02
23014018;Colestiramina;C10AC01
23060015;Diazossido;V03AH01
23060015;Diazossido;C02DA01
23060027;Diazossido;V03AH01
23060027;Diazossido;C02DA01
23060039;Diazossido;C02DA01
23060039;Diazossido;V03AH01
2309033;Acido folico;B03BB01
23097037;Amoxicillina;J01CA04
23103106;Beclometasone;R01AD01
23103106;Beclometasone;D07AC15
23103106;Beclometasone;A07EA07
23103106;Beclometasone;R03BA01
23103118;Beclometasone;A07EA07
23103118;Beclometasone;R01AD01
23103118;Beclometasone;D07AC15
23103118;Beclometasone;R03BA01
23103120;Beclometasone;A07EA07
23103120;Beclometasone;D07AC15
23103120;Beclometasone;R01AD01
23103120;Beclometasone;R03BA01
23103132;Beclometasone;D07AC15
23103132;Beclometasone;R01AD01
23103132;Beclometasone;R03BA01
23103132;Beclometasone;A07EA07
23103171;Beclometasone;R01AD01
23103171;Beclometasone;A07EA07
23103171;Beclometasone;R03BA01
23103171;Beclometasone;D07AC15
23105036;Valpromide;N03AG02
23159039;Clonazepam;N03AE01
23159054;Clonazepam;N03AE01
23159066;Clonazepam;N03AE01
23163025;Alcinonide;D07AD02
23189032;Tobramicina;J01GB01
23189032;Tobramicina;S01AA12
23189044;Tobramicina;J01GB01
23189044;Tobramicina;S01AA12
23202043;Metilprednisolone;D07AC14
23202043;Metilprednisolone;H02AB04
23202043;Metilprednisolone;D10AA02
23202043;Metilprednisolone;D07AA01
23202056;Metilprednisolone;H02AB04
23202056;Metilprednisolone;D07AC14
23202056;Metilprednisolone;D10AA02
23202056;Metilprednisolone;D07AA01
23202068;Metilprednisolone;D07AC14
23202068;Metilprednisolone;D10AA02
23202068;Metilprednisolone;D07AA01
23202068;Metilprednisolone;H02AB04
23202070;Metilprednisolone;H02AB04
23202070;Metilprednisolone;D07AC14
23202070;Metilprednisolone;D07AA01
23202070;Metilprednisolone;D10AA02
23325018;Idrocortisone;D07AB02
23325018;Idrocortisone;A01AC03
23325018;Idrocortisone;S02BA01
23325018;Idrocortisone;S01CB03
23325018;Idrocortisone;S01BA02
23325018;Idrocortisone;H02AB09
23325018;Idrocortisone;D07XA01
23325018;Idrocortisone;D07AA02
23325018;Idrocortisone;C05AA01
23325018;Idrocortisone;A07EA02
23325020;Idrocortisone;A07EA02
23325020;Idrocortisone;A01AC03
23325020;Idrocortisone;S02BA01
23325020;Idrocortisone;S01CB03
23325020;Idrocortisone;S01BA02
23325020;Idrocortisone;H02AB09
23325020;Idrocortisone;D07XA01
23325020;Idrocortisone;D07AA02
23325020;Idrocortisone;C05AA01
23325020;Idrocortisone;D07AB02
23325044;Idrocortisone;A07EA02
23325044;Idrocortisone;S02BA01
23325044;Idrocortisone;S01CB03
23325044;Idrocortisone;S01BA02
23325044;Idrocortisone;H02AB09
23325044;Idrocortisone;D07XA01
23325044;Idrocortisone;D07AA02
23325044;Idrocortisone;C05AA01
23325044;Idrocortisone;D07AB02
23325044;Idrocortisone;A01AC03
23325057;Idrocortisone;A07EA02
23325057;Idrocortisone;A01AC03
23325057;Idrocortisone;S02BA01
23325057;Idrocortisone;S01CB03
23325057;Idrocortisone;S01BA02
23325057;Idrocortisone;H02AB09
23325057;Idrocortisone;D07XA01
23325057;Idrocortisone;D07AA02
23325057;Idrocortisone;C05AA01
23325057;Idrocortisone;D07AB02
23402023;Tiapride;N05AL03
23406010;Azanidazolo;P01AB04
23406010;Azanidazolo;G01AF13
23457171;Fenoterolo;R03AC04
23457171;Fenoterolo;R03CC04
23457171;Fenoterolo;G02CA03
23471030;Terbutalina;R03CC03
23471030;Terbutalina;R03AC03
23535166;Lattulosio;A06AD11
23578014;Labetalolo;C07AG01
23578038;Labetalolo;C07AG01
23638012;Potassio cloruro;A12BA01
23638012;Potassio cloruro;B05XA01
23682115;Diflucortolone;D07AC06
23682115;Diflucortolone;D07XC04
23695036;Mianserina;N06AX03
23722123;Diflucortolone;D07AC06
23722123;Diflucortolone;D07XC04
23722135;Diflucortolone;D07AC06
23722135;Diflucortolone;D07XC04
23722147;Diflucortolone;D07XC04
23722147;Diflucortolone;D07AC06
23821010;Mebendazolo;P02CA01
23821022;Mebendazolo;P02CA01
23821034;Mebendazolo;P02CA01
23892019;Desmopressina;H01BA02
23892021;Desmopressina;H01BA02
23892033;Desmopressina;H01BA02
23892096;Desmopressina;H01BA02
23892122;Desmopressina;H01BA02
23976020;Naloxone;V03AB15
23993052;Furosemide;C03CA01
24001012;Metilprednisolone;H02AB04
24001012;Metilprednisolone;D10AA02
24001012;Metilprednisolone;D07AA01
24001012;Metilprednisolone;D07AC14
24016026;Atenololo;C07AB03
24022129;Ketoprofene;M01AE03
24022129;Ketoprofene;M02AA10
24022170;Ketoprofene;M02AA10
24022170;Ketoprofene;M01AE03
24027017;Cefoxitina;J01DC01
24043034;Ritodrina;G02CA01
24080020;Gliquidone;A10BB08
24116079;Proglumetacina;M01AB14
24139014;Calcifediolo;A11CC06
24155057;Acebutololo;C07AB04
24157036;Fenofibrato;C10AB05
24222034;Timololo;C07AA06
24222034;Timololo;S01ED01
24264018;Bornaprina;N04AA11
24273056;Canrenone;C03DA03
24273094;Canrenone;C03DA03
24284034;Flurbiprofene;M01AE09
24284034;Flurbiprofene;S01BC04
24284034;Flurbiprofene;M02AA19
24284073;Flurbiprofene;S01BC04
24284073;Flurbiprofene;M01AE09
24284073;Flurbiprofene;M02AA19
24397010;Estramustina;L01XX11
24401022;Josamicina;J01FA07
24409118;Lattulosio;A06AD11
24409144;Lattulosio;A06AD11
24444059;Acido ursodesossicolico;A05AA02
24444111;Acido ursodesossicolico;A05AA02
24447068;Ranitidina;A02BA02
24448060;Ranitidina;A02BA02
24488064;Metolazone;C03BA08
24488090;Metolazone;C03BA08
24585034;Testosterone;G03BA03
24608046;Nifedipina;C08CA05
24619049;Indapamide;C03BA11
24635029;Ibuprofene;G02CC01
24635029;Ibuprofene;M02AA13
24635029;Ibuprofene;M01AE01
24635106;Ibuprofene;M01AE01
24635106;Ibuprofene;M02AA13
24635106;Ibuprofene;G02CC01
24639039;Etoposide;L01CB01
24639041;Etoposide;L01CB01
24790026;Clorambucile;L01AA02
24829020;Netilmicina;S01AA23
24829020;Netilmicina;J01GB07
24829032;Netilmicina;J01GB07
24829032;Netilmicina;S01AA23
24829044;Netilmicina;J01GB07
24829044;Netilmicina;S01AA23
24829057;Netilmicina;J01GB07
24829057;Netilmicina;S01AA23
24829069;Netilmicina;J01GB07
24829069;Netilmicina;S01AA23
24860025;Tinidazolo;J01XD02
24860025;Tinidazolo;P01AB02
24862031;Propafenone;C01BC03
24862094;Propafenone;C01BC03
24862106;Propafenone;C01BC03
25021054;Danazolo;G03XA01
25021066;Danazolo;G03XA01
25195025;Acido tiaprofenico;M01AE11
25195052;Acido tiaprofenico;M01AE11
25211032;Ceftazidima;J01DD02
25212010;Ceftazidima;J01DD02
25215017;Buprenorfina;N07BC01
25215017;Buprenorfina;N02AE01
25215043;Buprenorfina;N07BC01
25215043;Buprenorfina;N02AE01
25222011;Ceftazidima;J01DD02
25224128;Nitroglicerina;C01DA02
25267016;Teofillina;R03DA04
25267028;Teofillina;R03DA04
25271026;Diltiazem;C08DB01
25293010;Oxatomide;R06AE06
25293034;Oxatomide;R06AE06
25300029;Rifaximina;A07AA11
25300029;Rifaximina;D06AX11
25300043;Rifaximina;A07AA11
25300043;Rifaximina;D06AX11
25303025;Rifaximina;D06AX11
25303025;Rifaximina;A07AA11
25303049;Rifaximina;D06AX11
25303049;Rifaximina;A07AA11
25306010;Ciclosporina;L04AA01
25306010;Ciclosporina;S01XA18
25306022;Ciclosporina;L04AA01
25306022;Ciclosporina;S01XA18
25306034;Ciclosporina;S01XA18
25306034;Ciclosporina;L04AA01
25306046;Ciclosporina;L04AA01
25306046;Ciclosporina;S01XA18
25306059;Ciclosporina;S01XA18
25306059;Ciclosporina;L04AA01
25312024;Mesna;V03AF01
25312024;Mesna;R05CB05
25317013;Betaxololo;S01ED02
25317013;Betaxololo;C07AB05
25318027;Miocamicina;J01FA11
25318054;Miocamicina;J01FA11
25318066;Miocamicina;J01FA11
25320021;Miocamicina;J01FA11
25320058;Miocamicina;J01FA11
25320060;Miocamicina;J01FA11
25322025;Miocamicina;J01FA11
25322037;Miocamicina;J01FA11
25322064;Miocamicina;J01FA11
25333016;Aloperidolo;N05AD01
25333028;Aloperidolo;N05AD01
25373010;Aloperidolo;N05AD01
25373034;Aloperidolo;N05AD01
25373061;Aloperidolo;N05AD01
25373073;Aloperidolo;N05AD01
25407026;Aztreonam;J01DF01
25447018;Alfacalcidolo;A11CC03
25447020;Alfacalcidolo;A11CC03
25462021;Selegilina;N04BD01
25474014;Doxofillina;R03DA11
25474040;Doxofillina;R03DA11
25474065;Doxofillina;R03DA11
25487024;Alfacalcidolo;A11CC03
25487036;Alfacalcidolo;A11CC03
25494016;Cimetropio bromuro;A03BB05
25540016;Buserelin;L02AE01
25540028;Buserelin;L02AE01
25540030;Buserelin;L02AE01
25540042;Buserelin;L02AE01
25575034;Alizapride;A03FA05
25585011;Ticlopidina;B01AC05
25623048;Isosorbide mononitrato;C01DA14
25624014;Morfina solfato;N02AA01
25624026;Morfina solfato;N02AA01
25624038;Morfina solfato;N02AA01
25624040;Morfina solfato;N02AA01
25655010;Celiprololo;C07AB08
25680012;Fosfomicina;J01XX01
25730019;Teofillina;R03DA04
25730021;Teofillina;R03DA04
25737014;Levobunololo;S01ED03
25737065;Levobunololo;S01ED03
25740085;Teofillina;R03DA04
25740097;Teofillina;R03DA04
25804042;Diflucortolone;D07XC04
25804042;Diflucortolone;D07AC06
25851027;Estriolo;G03CA04
25851027;Estriolo;G03CC06
25851066;Estriolo;G03CA04
25851066;Estriolo;G03CC06
25855065;Naltrexone;N07BB04
25899016;Betaxololo;C07AB05
25899016;Betaxololo;S01ED02
25939036;Pefloxacina;J01MA03
25999121;Miconazolo;A01AB09
25999121;Miconazolo;S02AA13
25999121;Miconazolo;G01AF04
25999121;Miconazolo;A07AC01
25999121;Miconazolo;D01AC02
25999121;Miconazolo;J02AB01
26009023;Levosulpiride;N05AL07
26009062;Levosulpiride;N05AL07
26017020;Bromperidolo;N05AD06
26017069;Bromperidolo;N05AD06
26057012;Carteololo;C07AA15
26057012;Carteololo;S01ED05
26057024;Carteololo;S01ED05
26057024;Carteololo;C07AA15
26057036;Carteololo;S01ED05
26057036;Carteololo;C07AA15
26057048;Carteololo;C07AA15
26057048;Carteololo;S01ED05
26071023;Nicardipina;C08CA04
26232013;Nitrendipina;C08CA08
26297010;Budesonide;D07AC09
26297010;Budesonide;R03BA02
26297010;Budesonide;R01AD05
26297010;Budesonide;H02AB16
26297010;Budesonide;A07EA06
26297022;Budesonide;D07AC09
26297022;Budesonide;R01AD05
26297022;Budesonide;H02AB16
26297022;Budesonide;A07EA06
26297022;Budesonide;R03BA02
26446031;Piroxicam;S01BC06
26446031;Piroxicam;M02AA07
26446031;Piroxicam;M01AC01
26447033;Piroxicam;M02AA07
26447033;Piroxicam;S01BC06
26447033;Piroxicam;M01AC01
26458012;Teicoplanina;J01XA02
26471019;Goserelin;L02AE03
26471021;Goserelin;L02AE03
26488015;Misoprostolo;A02BB01
26520015;Gonadorelina;V04CM01
26520015;Gonadorelina;H01CA01
26613048;Promestriene;G03CA09
26613051;Promestriene;G03CA09
26616019;Nizatidina;A02BA04
26616021;Nizatidina;A02BA04
26632036;Nedocromile;R03BC03
26632036;Nedocromile;R01AC07
26632036;Nedocromile;S01GX04
26632048;Nedocromile;S01GX04
26632048;Nedocromile;R01AC07
26632048;Nedocromile;R03BC03
26664084;Ciprofloxacina;J01MA02
26664084;Ciprofloxacina;S01AX13
26664084;Ciprofloxacina;S03AA07
26664122;Ciprofloxacina;J01MA02
26664122;Ciprofloxacina;S01AX13
26664122;Ciprofloxacina;S03AA07
26664146;Ciprofloxacina;S01AX13
26664146;Ciprofloxacina;S03AA07
26664146;Ciprofloxacina;J01MA02
26667028;Nisoldipina;C08CA07
26670024;Alfuzosina;G04CA01
26672079;Nabumetone;M01AX01
26672081;Nabumetone;M01AX01
26688034;Ferroso gluconato;B03AA03
26696031;Ferroso gluconato;B03AA03
26727014;Roxitromicina;J01FA06
26727038;Roxitromicina;J01FA06
26727040;Roxitromicina;J01FA06
26728016;Roxitromicina;J01FA06
26728030;Roxitromicina;J01FA06
26728055;Roxitromicina;J01FA06
26844098;Somatropina;H01AC01
26844163;Somatropina;H01AC01
26844187;Somatropina;H01AC01
26844199;Somatropina;H01AC01
26844201;Somatropina;H01AC01
26844213;Somatropina;H01AC01
26844225;Somatropina;H01AC01
26844237;Somatropina;H01AC01
26844249;Somatropina;H01AC01
26844252;Somatropina;H01AC01
26844264;Somatropina;H01AC01
26844276;Somatropina;H01AC01
26844340;Somatropina;H01AC01
26844365;Somatropina;H01AC01
26863011;Somatropina;H01AC01
26863100;Somatropina;H01AC01
26863148;Somatropina;H01AC01
26863163;Somatropina;H01AC01
26890158;Zuclopentixolo;N05AF05
26919011;Roxitromicina;J01FA06
26919047;Roxitromicina;J01FA06
26922017;Roxitromicina;J01FA06
26922031;Roxitromicina;J01FA06
26922043;Roxitromicina;J01FA06
26962047;Somatropina;H01AC01
26962050;Somatropina;H01AC01
26962062;Somatropina;H01AC01
26964015;Prometazina;D04AA10
26964015;Prometazina;R06AD02
26964039;Prometazina;R06AD02
26964039;Prometazina;D04AA10
26966034;Enoxaparina sodica;B01AB05
26966046;Enoxaparina sodica;B01AB05
26966061;Enoxaparina sodica;B01AB05
26973014;Levodropropizina;R05DB27
26973026;Levodropropizina;R05DB27
26999021;Triptorelina;L02AE04
26999058;Triptorelina;L02AE04
27000013;Idrocortisone;A07EA02
27000013;Idrocortisone;S01CB03
27000013;Idrocortisone;S01BA02
27000013;Idrocortisone;H02AB09
27000013;Idrocortisone;D07XA01
27000013;Idrocortisone;D07AA02
27000013;Idrocortisone;C05AA01
27000013;Idrocortisone;D07AB02
27000013;Idrocortisone;A01AC03
27000013;Idrocortisone;S02BA01
27075023;Loratadina;R06AX13
27083031;Octreotide;H01CB02
27083082;Octreotide;H01CB02
27083094;Octreotide;H01CB02
27083106;Octreotide;H01CB02
27096041;Albendazolo;P02CA03
27103023;Magaldrato;A02AD02
27103035;Magaldrato;A02AD02
27103047;Magaldrato;A02AD02
27104037;Octreotide;H01CB02
27104088;Octreotide;H01CB02
27104090;Octreotide;H01CB02
27104102;Octreotide;H01CB02
27210044;Levosulpiride;N05AL07
27218015;Disopiramide;C01BA03
27231012;Calcitriolo;D05AX03
27231012;Calcitriolo;A11CC04
27231036;Calcitriolo;A11CC04
27231036;Calcitriolo;D05AX03
27250024;Meflochina;P01BC02
27267057;Fluconazolo;J02AC01
27267057;Fluconazolo;D01AC15
27314018;Alfuzosina;G04CA01
27370093;Claritromicina;J01FA09
27393014;Clonidina;S01EA04
27393014;Clonidina;N02CX02
27393014;Clonidina;C02AC01
27393026;Clonidina;N02CX02
27393026;Clonidina;S01EA04
27393026;Clonidina;C02AC01
27435078;Teofillina;R03DA04
27435080;Teofillina;R03DA04
27435155;Teofillina;R03DA04
27441031;Idarubicina;L01DB06
27441043;Idarubicina;L01DB06
27441056;Idarubicina;L01DB06
27460043;Cilazapril;C09AA08
27464041;Cilazapril;C09AA08
27489018;Glucagone;H04AA01
27529080;Claritromicina;J01FA09
27530094;Claritromicina;J01FA09
27621010;Budesonide;A07EA06
27621010;Budesonide;H02AB16
27621010;Budesonide;D07AC09
27621010;Budesonide;R01AD05
27621010;Budesonide;R03BA02
27625019;Pentamidina;P01CX01
27660099;Formoterolo;R03AC13
27661014;Levodropropizina;R05DB27
27661026;Levodropropizina;R05DB27
27665013;Desmopressina;H01BA02
27665025;Desmopressina;H01BA02
27670013;Oxaprozina;M01AE12
27683046;Calcio folinato;V03AF03
27686068;Somatropina;H01AC01
27686082;Somatropina;H01AC01
27686094;Somatropina;H01AC01
27686118;Somatropina;H01AC01
27696032;Delapril;C09AA12
27715046;Isradipina;C08CA03
27725023;Isradipina;C08CA03
27727027;Isradipina;C08CA03
27743032;Somatropina;H01AC01
27747017;Fosinopril;C09AA09
27753096;Sertralina;N06AB06
27772033;Filgrastim;L03AA02
27772096;Filgrastim;L03AA02
27777010;Roxatidina;A02BA06
27777022;Roxatidina;A02BA06
27797012;Progesterone;G03DA04
27797024;Progesterone;G03DA04
27807066;Lamotrigina;N03AX09
27807179;Lamotrigina;N03AX09
27808029;Itraconazolo;J02AC02
27814021;Itraconazolo;J02AC02
27850104;Ceftibuten;J01DD14
27850142;Ceftibuten;J01DD14
27860143;Azitromicina;J01FA10
27860143;Azitromicina;S01AA26
27865106;Vinorelbina;L01CA04
27865118;Vinorelbina;L01CA04
27890110;Salmeterolo;R03AC12
27890146;Salmeterolo;R03AC12
27891124;Salmeterolo;R03AC12
27891136;Salmeterolo;R03AC12
27892126;Salmeterolo;R03AC12
27892138;Salmeterolo;R03AC12
27909062;Cefmetazolo;J01DC09
27939038;Cefodizima;J01DD09
27940030;Cefodizima;J01DD09
27943048;Lomefloxacina;S01AX17
27943048;Lomefloxacina;J01MA07
27944040;Lomefloxacina;S01AX17
27944040;Lomefloxacina;J01MA07
27951045;Cefodizima;J01DD09
27957024;Lomefloxacina;S01AX17
27957024;Lomefloxacina;J01MA07
27963026;Paroxetina;N06AB05
27964028;Paroxetina;N06AB05
27965021;Paroxetina;N06AB05
27975061;Sumatriptan;N02CC01
27975135;Sumatriptan;N02CC01
27980034;Nifedipina;C08CA05
28028064;Rufloxacina;J01MA10
28048066;Rufloxacina;J01MA10
28159073;Metilprednisolone;D07AC14
28159073;Metilprednisolone;D07AA01
28159073;Metilprednisolone;D10AA02
28159073;Metilprednisolone;H02AB04
28248021;Naltrexone;N07BB04
28262020;Torasemide;C03CA04
28267021;Trandolapril;C09AA10
28270066;Diflucortolone;D07AC06
28270066;Diflucortolone;D07XC04
28318020;Diflucortolone;D07XC04
28318020;Diflucortolone;D07AC06
28330013;Biperidene;N04AA02
28330037;Biperidene;N04AA02
28426017;Rifabutina;J04AB04
28437022;Piroxicam;M01AC01
28437022;Piroxicam;M02AA07
28437022;Piroxicam;S01BC06
28667020;Fluticasone;R03BA05
28667020;Fluticasone;R01AD08
28667020;Fluticasone;D07AC17
28667095;Fluticasone;D07AC17
28667095;Fluticasone;R03BA05
28667095;Fluticasone;R01AD08
28667107;Fluticasone;R03BA05
28667107;Fluticasone;D07AC17
28667107;Fluticasone;R01AD08
28667184;Fluticasone;R03BA05
28667184;Fluticasone;D07AC17
28667184;Fluticasone;R01AD08
28667208;Fluticasone;R03BA05
28667208;Fluticasone;D07AC17
28667208;Fluticasone;R01AD08
28667210;Fluticasone;R01AD08
28667210;Fluticasone;D07AC17
28667210;Fluticasone;R03BA05
28675104;Fluticasone;D07AC17
28675104;Fluticasone;R03BA05
28675104;Fluticasone;R01AD08
28675179;Fluticasone;D07AC17
28675179;Fluticasone;R01AD08
28675179;Fluticasone;R03BA05
28675181;Fluticasone;R03BA05
28675181;Fluticasone;R01AD08
28675181;Fluticasone;D07AC17
28675268;Fluticasone;D07AC17
28675268;Fluticasone;R01AD08
28675268;Fluticasone;R03BA05
28675270;Fluticasone;R01AD08
28675270;Fluticasone;R03BA05
28675270;Fluticasone;D07AC17
28675282;Fluticasone;D07AC17
28675282;Fluticasone;R03BA05
28675282;Fluticasone;R01AD08
28675294;Fluticasone;D07AC17
28675294;Fluticasone;R03BA05
28675294;Fluticasone;R01AD08
28686044;Lenograstim;L03AA10
28694038;Reviparina;B01AB08
28694053;Reviparina;B01AB08
28694103;Reviparina;B01AB08
28705046;Nimesulide;M01AX17
28717015;Acido acetilsalicilico;N02BA01
28717015;Acido acetilsalicilico;A01AD05
28717015;Acido acetilsalicilico;B01AC06
28717027;Acido acetilsalicilico;A01AD05
28717027;Acido acetilsalicilico;N02BA01
28717027;Acido acetilsalicilico;B01AC06
28717039;Acido acetilsalicilico;A01AD05
28717039;Acido acetilsalicilico;N02BA01
28717039;Acido acetilsalicilico;B01AC06
28717041;Acido acetilsalicilico;B01AC06
28717041;Acido acetilsalicilico;A01AD05
28717041;Acido acetilsalicilico;N02BA01
28721052;Torasemide;C03CA04
28831131;Venlafaxina;N06AX16
28853012;Tramadolo;N02AX02
28853024;Tramadolo;N02AX02
28853036;Tramadolo;N02AX02
28853051;Tramadolo;N02AX02
28853063;Tramadolo;N02AX02
28853075;Tramadolo;N02AX02
28853087;Tramadolo;N02AX02
28853101;Tramadolo;N02AX02
28878078;Tramadolo;N02AX02
28878080;Tramadolo;N02AX02
28878092;Tramadolo;N02AX02
28878116;Tramadolo;N02AX02
28878128;Tramadolo;N02AX02
28878142;Tramadolo;N02AX02
28878155;Tramadolo;N02AX02
29000015;Estradiolo;G03CA03
29000027;Estradiolo;G03CA03
29001017;Estradiolo;G03CA03
29001029;Estradiolo;G03CA03
29001043;Estradiolo;G03CA03
29001068;Estradiolo;G03CA03
29008024;Alfacalcidolo;A11CC03
29014038;Fluticasone;R03BA05
29014038;Fluticasone;D07AC17
29014038;Fluticasone;R01AD08
29037025;Medrossiprogesterone;G03AC06
29037025;Medrossiprogesterone;G03DA02
29037025;Medrossiprogesterone;L02AB02
29051036;Acido alendronico;M05BA04
29052038;Acido alendronico;M05BA04
29053030;Acido alendronico;M05BA04
29054032;Acido alendronico;M05BA04
29059096;Lenograstim;L03AA10
29111046;Enoxaparina sodica;B01AB05
29111059;Enoxaparina sodica;B01AB05
29111061;Enoxaparina sodica;B01AB05
29111085;Enoxaparina sodica;B01AB05
29111097;Enoxaparina sodica;B01AB05
29111109;Enoxaparina sodica;B01AB05
29136013;Beclometasone;D07AC15
29136013;Beclometasone;A07EA07
29136013;Beclometasone;R01AD01
29136013;Beclometasone;R03BA01
29136037;Beclometasone;R03BA01
29136037;Beclometasone;A07EA07
29136037;Beclometasone;D07AC15
29136037;Beclometasone;R01AD01
29157017;Prednicarbato;D07AC18
29163021;Fluvastatina;C10AA04
29172044;Famciclovir;J05AB09
29172044;Famciclovir;S01AD07
29199027;Fluvastatina;C10AA04
29212053;Fentanil;N02AB03
29212053;Fentanil;N01AH01
29212065;Fentanil;N01AH01
29212065;Fentanil;N02AB03
29212077;Fentanil;N01AH01
29212077;Fentanil;N02AB03
29212089;Fentanil;N02AB03
29212089;Fentanil;N01AH01
29212091;Fentanil;N02AB03
29212091;Fentanil;N01AH01
29214020;Moexipril;C09AA13
29294030;Lornoxicam;M01AC05
29304033;Lornoxicam;M01AC05
29324023;Isosorbide mononitrato;C01DA14
29352010;Desossiribonucleasi;B06AA10
29399019;Lanreotide;H01CB03
29399110;Lanreotide;H01CB03
29399122;Lanreotide;H01CB03
29399134;Lanreotide;H01CB03
29444104;Mirtazapina;N06AX11
29453040;Ciclosporina;S01XA18
29453040;Ciclosporina;L04AA01
29472014;Calcio carbonato;A02AC01
29472014;Calcio carbonato;A12AA04
29485063;Tacrolimus;D11AX14
29485063;Tacrolimus;L04AD02
29485063;Tacrolimus;L04AA05
29520184;Follitropina beta;G03GA06
29520234;Follitropina beta;G03GA06
29520386;Follitropina beta;G03GA06
29520398;Follitropina beta;G03GA06
29520400;Follitropina beta;G03GA06
29526047;Pilocarpina;N07AX01
29526047;Pilocarpina;S01EB01
29528041;Sotalolo;C07AA07
29538016;Progesterone;G03DA04
29538028;Progesterone;G03DA04
29552039;Fludarabina;L01BB05
29561038;Alprostadil;G04BE01
29561038;Alprostadil;C01EA01
29563018;Lattitolo;A06AD12
29563044;Lattitolo;A06AD12
29610019;Metadone;N07BC02
29610021;Metadone;N07BC02
29610033;Metadone;N07BC02
29610045;Metadone;N07BC02
29610072;Metadone;N07BC02
29610096;Metadone;N07BC02
29610108;Metadone;N07BC02
29610110;Metadone;N07BC02
29823010;Apraclonidina;S01EA03
29827033;Aminofillina;R03DA05
29838024;Tretinoina;L01XX14
29838024;Tretinoina;D10AD01
29914013;Toremifene;L02BA02
29927035;Metadone;N07BC02
29927074;Metadone;N07BC02
29927086;Metadone;N07BC02
29927175;Metadone;N07BC02
29927213;Metadone;N07BC02
29927237;Metadone;N07BC02
30656019;Calcio cloruro;B05XA07
30656019;Calcio cloruro;A12AA07
30656019;Calcio cloruro;G04BA03
30727010;Lattulosio;A06AD11
30822011;Felbamato;N03AX10
30822035;Felbamato;N03AX10
31115013;Beclometasone;R01AD01
31115013;Beclometasone;D07AC15
31115013;Beclometasone;A07EA07
31115013;Beclometasone;R03BA01
31115025;Beclometasone;R01AD01
31115025;Beclometasone;D07AC15
31115025;Beclometasone;A07EA07
31115025;Beclometasone;R03BA01
31115049;Beclometasone;R01AD01
31115049;Beclometasone;D07AC15
31115049;Beclometasone;A07EA07
31115049;Beclometasone;R03BA01
31220027;Aceclofenac;M01AB16
31414016;Cloramfenicolo;J01BA01
31414016;Cloramfenicolo;D10AF03
31414016;Cloramfenicolo;S01AA01
31414016;Cloramfenicolo;D06AX02
31414016;Cloramfenicolo;G01AA05
31414016;Cloramfenicolo;S03AA08
31414016;Cloramfenicolo;S02AA01
31494014;Tacalcitolo;D05AX04
31494026;Tacalcitolo;D05AX04
31494040;Tacalcitolo;D05AX04
31507015;Morfina solfato;N02AA01
31507039;Morfina solfato;N02AA01
31507041;Morfina solfato;N02AA01
31507104;Morfina solfato;N02AA01
31773017;Estradiolo;G03CA03
31773029;Estradiolo;G03CA03
31842026;Aceclofenac;M01AB16
31964012;Zafirlukast;R03DC01
32023083;Topiramato;N03AX11
32132033;Progesterone;G03DA04
32310219;Mizolastina;R06AX25
32311211;Mizolastina;R06AX25
32333027;Alfacalcidolo;A11CC03
32773032;Aceclofenac;M01AB16
32798023;Beclometasone;R03BA01
32798023;Beclometasone;R01AD01
32798023;Beclometasone;D07AC15
32798023;Beclometasone;A07EA07
32811010;Metilergometrina;G02AB01
32832026;Alfacalcidolo;A11CC03
32921013;Urofollitropina;G03GA04
32921049;Urofollitropina;G03GA04
32926014;Estradiolo;G03CA03
32926026;Estradiolo;G03CA03
32926040;Estradiolo;G03CA03
32926065;Estradiolo;G03CA03
32936027;Alfacalcidolo;A11CC03
32951016;Tiagabina;N03AG06
32951030;Tiagabina;N03AG06
32951055;Tiagabina;N03AG06
32991034;Estradiolo;G03CA03
33055017;Cinoxacina;J01MB06
33074016;Tramadolo;N02AX02
33074028;Tramadolo;N02AX02
33074030;Tramadolo;N02AX02
33074055;Tramadolo;N02AX02
33231010;Magaldrato;A02AD02
33231022;Magaldrato;A02AD02
33232012;Magaldrato;A02AD02
33232024;Magaldrato;A02AD02
33232036;Magaldrato;A02AD02
33248028;Tazarotene;D05AX05
33248081;Tazarotene;D05AX05
33280049;Tolcapone;N04BX01
33280090;Tolcapone;N04BX01
33306061;Topotecan;L01XX17
33306073;Topotecan;L01XX17
33312012;Formoterolo;R03AC13
33314016;Mercaptamina;A16AA04
33314030;Mercaptamina;A16AA04
33331149;Eprosartan;C09CA02
33403039;Apomorfina;N04BC07
33403039;Apomorfina;G04BE07
33403041;Apomorfina;G04BE07
33403041;Apomorfina;N04BC07
33484015;Morfina solfato;N02AA01
33484027;Morfina solfato;N02AA01
33484039;Morfina solfato;N02AA01
33484041;Morfina solfato;N02AA01
33500012;Nabumetone;M01AX01
33531017;Tramadolo;N02AX02
33531029;Tramadolo;N02AX02
33632011;Reboxetina;N06AX18
33632023;Reboxetina;N06AX18
33648039;Cefaclor;J01DC04
33717036;Gonadotropina corionica;G03GA01
33736012;Budesonide;R03BA02
33736012;Budesonide;H02AB16
33736012;Budesonide;A07EA06
33736012;Budesonide;D07AC09
33736012;Budesonide;R01AD05
33736051;Budesonide;H02AB16
33736051;Budesonide;A07EA06
33736051;Budesonide;R01AD05
33736051;Budesonide;D07AC09
33736051;Budesonide;R03BA02
33767017;Estriolo;G03CC06
33767017;Estriolo;G03CA04
33819020;Alfacalcidolo;A11CC03
33858022;Balsalazide;A07EC04
33876044;Doxofillina;R03DA11
33887011;Doxofillina;R03DA11
33887047;Doxofillina;R03DA11
33919010;Triamcinolone;H02AB08
33919010;Triamcinolone;S01BA05
33919010;Triamcinolone;R03BA06
33919010;Triamcinolone;D07XB02
33919010;Triamcinolone;D07AB09
33919010;Triamcinolone;A01AC01
33919010;Triamcinolone;R01AD11
33944024;Acido ursodesossicolico;A05AA02
33998016;Tramadolo;N02AX02
33998055;Tramadolo;N02AX02
34038024;Flutamide;L02BB01
34078283;Rivastigmina;N06DA03
34112033;Alfacalcidolo;A11CC03
34115016;Rizatriptan;N02CC04
34130017;Rizatriptan;N02CC04
34131019;Rizatriptan;N02CC04
34172015;Acido alendronico;M05BA04
34179046;Beclometasone;R03BA01
34179046;Beclometasone;A07EA07
34179046;Beclometasone;D07AC15
34179046;Beclometasone;R01AD01
34179085;Beclometasone;R01AD01
34179085;Beclometasone;A07EA07
34179085;Beclometasone;R03BA01
34179085;Beclometasone;D07AC15
34208013;Acamprosato;N07BB03
34226011;Betametasone;H02AB01
34226011;Betametasone;A07EA04
34226011;Betametasone;C05AA05
34226011;Betametasone;D07AC01
34226011;Betametasone;S03BA03
34226011;Betametasone;S02BA07
34226011;Betametasone;S01CB04
34226011;Betametasone;S01BA06
34226011;Betametasone;R03BA04
34226011;Betametasone;R01AD06
34226011;Betametasone;D07XC01
34231035;Entacapone;N04BX02
34233015;Tramadolo;N02AX02
34233027;Tramadolo;N02AX02
34233039;Tramadolo;N02AX02
34233041;Tramadolo;N02AX02
34262016;Triamcinolone;S01BA05
34262016;Triamcinolone;R03BA06
34262016;Triamcinolone;H02AB08
34262016;Triamcinolone;D07XB02
34262016;Triamcinolone;D07AB09
34262016;Triamcinolone;A01AC01
34262016;Triamcinolone;R01AD11
34280038;Meloxicam;M01AC06
34290015;Magaldrato;A02AD02
34290027;Magaldrato;A02AD02
34297034;Bacampicillina;J01CA06
34369013;Modafinil;N06BA07
34408017;Zofenopril;C09AA15
34459040;Ribavirina;J05AB04
34472011;Flutamide;L02BB01
34498030;Insulina aspart;A10AB05
34498030;Insulina aspart;A10AD05
34498093;Insulina aspart;A10AB05
34498093;Insulina aspart;A10AD05
34506030;Lamivudina;J05AF05
34525016;Deferiprone;V03AC02
34525028;Deferiprone;V03AC02
34525042;Deferiprone;V03AC02
34529038;Palivizumab;J06BB16
34529040;Palivizumab;J06BB16
34561365;Tramadolo;N02AX02
34561504;Tramadolo;N02AX02
34624066;Celecoxib;M01AH01
34624066;Celecoxib;L01XX33
34701019;Sodio fenilbutirrato;A16AX03
34701033;Sodio fenilbutirrato;A16AX03
34702098;Leflunomide;L04AA13
34727014;Estradiolo;G03CA03
34734018;Budesonide;R01AD05
34734018;Budesonide;H02AB16
34734018;Budesonide;D07AC09
34734018;Budesonide;R03BA02
34734018;Budesonide;A07EA06
34752030;Galantamina;N06DA04
34752042;Galantamina;N06DA04
34752081;Galantamina;N06DA04
34765154;Dexibuprofene;M01AE14
34765228;Dexibuprofene;M01AE14
34789014;Zofenopril;C09AA15
34834010;Tacalcitolo;D05AX04
34834022;Tacalcitolo;D05AX04
34847020;Beclometasone;D07AC15
34847020;Beclometasone;R03BA01
34847020;Beclometasone;A07EA07
34847020;Beclometasone;R01AD01
34869040;Flunisolide;R01AD04
34869040;Flunisolide;R03BA03
3488057;Triesifenidile;N04AA01
34934012;Zofenopril;C09AA15
34972556;Esomeprazolo;A02BC05
34984031;Vancomicina;J01XA01
34984031;Vancomicina;A07AA09
35003033;Vancomicina;A07AA09
35003033;Vancomicina;J01XA01
35039294;Levetiracetam;N03AX14
35039306;Levetiracetam;N03AX14
35040017;Metilfenidato;N06BA04
35042011;Progesterone;G03DA04
35042035;Progesterone;G03DA04
35046046;Terazosina;G04CA03
35120017;Sirolimus;L04AA10
35120070;Sirolimus;L04AA10
35120094;Sirolimus;L04AA10
35120120;Sirolimus;L04AA10
35144017;Barnidipina;C08CA12
35144029;Barnidipina;C08CA12
35145010;Barnidipina;C08CA12
35145022;Barnidipina;C08CA12
35146012;Barnidipina;C08CA12
35146024;Barnidipina;C08CA12
35240011;Ketotifene;S01GX08
35240011;Ketotifene;R06AX17
35240023;Ketotifene;R06AX17
35240023;Ketotifene;S01GX08
35307103;Eletriptan;N02CC06
35307281;Eletriptan;N02CC06
35326014;Telitromicina;J01FA15
35367554;Esomeprazolo;A02BC05
35372059;Imatinib;L01XX28
35399017;Fentanil;N01AH01
35399017;Fentanil;N02AB03
35399031;Fentanil;N02AB03
35399031;Fentanil;N01AH01
35399056;Fentanil;N01AH01
35399056;Fentanil;N02AB03
35399070;Fentanil;N02AB03
35399070;Fentanil;N01AH01
35399094;Fentanil;N01AH01
35399094;Fentanil;N02AB03
35399118;Fentanil;N02AB03
35399118;Fentanil;N01AH01
35399132;Fentanil;N02AB03
35399132;Fentanil;N01AH01
35399157;Fentanil;N02AB03
35399157;Fentanil;N01AH01
35399171;Fentanil;N02AB03
35399171;Fentanil;N01AH01
35399195;Fentanil;N02AB03
35399195;Fentanil;N01AH01
35399219;Fentanil;N01AH01
35399219;Fentanil;N02AB03
35399233;Fentanil;N01AH01
35399233;Fentanil;N02AB03
35409010;Travoprost;S01EE04
35410075;Linezolid;J01XX08
35444191;Paroxetina;N06AB05
35447010;Bimatoprost;S01EE03
35447022;Bimatoprost;S01EE03
35447059;Bimatoprost;S01EE03
35464015;Meloxicam;M01AC06
35512045;Dexibuprofene;M01AE14
35512072;Dexibuprofene;M01AE14
35512084;Dexibuprofene;M01AE14
35562014;Triptorelina;L02AE04
35563079;Insulina aspart;A10AB05
35563079;Insulina aspart;A10AD05
35563131;Insulina aspart;A10AB05
35563131;Insulina aspart;A10AD05
35563194;Insulina aspart;A10AB05
35563194;Insulina aspart;A10AD05
35568017;Buprenorfina;N07BC01
35568017;Buprenorfina;N02AE01
35568043;Buprenorfina;N02AE01
35568043;Buprenorfina;N07BC01
35568070;Buprenorfina;N02AE01
35568070;Buprenorfina;N07BC01
35575012;Tacrolimus;L04AA05
35575012;Tacrolimus;L04AD02
35575012;Tacrolimus;D11AX14
35575036;Tacrolimus;L04AA05
35575036;Tacrolimus;L04AD02
35575036;Tacrolimus;D11AX14
35575051;Tacrolimus;L04AA05
35575051;Tacrolimus;L04AD02
35575051;Tacrolimus;D11AX14
35575063;Tacrolimus;D11AX14
35575063;Tacrolimus;L04AD02
35575063;Tacrolimus;L04AA05
35577028;Bemiparina;B01AB12
35577067;Bemiparina;B01AB12
35577105;Bemiparina;B01AB12
35577143;Bemiparina;B01AB12
35577182;Bemiparina;B01AB12
3559059;Testosterone;G03BA03
35606033;Fondaparinux;B01AX05
35606072;Fondaparinux;B01AX05
35606110;Fondaparinux;B01AX05
35606146;Fondaparinux;B01AX05
35606173;Fondaparinux;B01AX05
35609027;Bosentan;C02KX01
35609041;Bosentan;C02KX01
35615057;Lovastatina;C10AA02
35615069;Lovastatina;C10AA02
35623053;Lovastatina;C10AA02
35623077;Lovastatina;C10AA02
35628268;Voriconazolo;J02AC03
35638055;Lovastatina;C10AA02
35638067;Lovastatina;C10AA02
35656014;Budesonide;R03BA02
35656014;Budesonide;R01AD05
35656014;Budesonide;H02AB16
35656014;Budesonide;D07AC09
35656014;Budesonide;A07EA06
35657016;Budesonide;R03BA02
35657016;Budesonide;R01AD05
35657016;Budesonide;H02AB16
35657016;Budesonide;D07AC09
35657016;Budesonide;A07EA06
35666205;Levocetirizina;R06AE09
35672056;Tadalafil;G04BE08
35678022;Prulifloxacina;J01MA17
35678034;Prulifloxacina;J01MA17
35679036;Prulifloxacina;J01MA17
35680038;Prulifloxacina;J01MA17
35691017;Darbepoetina alfa;B03XA02
35691359;Darbepoetina alfa;B03XA02
35691385;Darbepoetina alfa;B03XA02
35691397;Darbepoetina alfa;B03XA02
35691409;Darbepoetina alfa;B03XA02
35691411;Darbepoetina alfa;B03XA02
35691423;Darbepoetina alfa;B03XA02
35691435;Darbepoetina alfa;B03XA02
35691447;Darbepoetina alfa;B03XA02
35691575;Darbepoetina alfa;B03XA02
35691599;Darbepoetina alfa;B03XA02
35691613;Darbepoetina alfa;B03XA02
35691637;Darbepoetina alfa;B03XA02
35691652;Darbepoetina alfa;B03XA02
35691676;Darbepoetina alfa;B03XA02
35691690;Darbepoetina alfa;B03XA02
35691738;Darbepoetina alfa;B03XA02
35691753;Darbepoetina alfa;B03XA02
35691777;Darbepoetina alfa;B03XA02
35710019;Bexarotene;L01XX25
35716036;Pegfilgrastim;L03AA13
35720010;Brivudina;J05AB15
35722014;Brivudina;J05AB15
35724069;Insulina glargine;A10AE04
35724121;Insulina glargine;A10AE04
35724246;Insulina glargine;A10AE04
35726013;Pegvisomant;H01AX01
35726025;Pegvisomant;H01AX01
35726037;Pegvisomant;H01AX01
35726049;Pegvisomant;H01AX01
35726064;Pegvisomant;H01AX01
35726088;Pegvisomant;H01AX01
35739010;Valganciclovir;J05AB14
35739022;Valganciclovir;J05AB14
35765027;Calcitriolo;D05AX03
35765027;Calcitriolo;A11CC04
35791058;Formoterolo;R03AC13
35793052;Formoterolo;R03AC13
35798014;Miglustat;A16AX06
35820063;Etoricoxib;M01AH05
35820202;Etoricoxib;M01AH05
35820303;Etoricoxib;M01AH05
35821065;Etoricoxib;M01AH05
35821204;Etoricoxib;M01AH05
35821305;Etoricoxib;M01AH05
35822067;Etoricoxib;M01AH05
35822206;Etoricoxib;M01AH05
35822307;Etoricoxib;M01AH05
35846029;Tramadolo;N02AX02
35847019;Tramadolo;N02AX02
35875018;Tramadolo;N02AX02
35875107;Tramadolo;N02AX02
35883053;Rosuvastatina;C10AA07
35883180;Rosuvastatina;C10AA07
35883356;Rosuvastatina;C10AA07
35883507;Rosuvastatina;C10AA07
35884055;Rosuvastatina;C10AA07
35884206;Rosuvastatina;C10AA07
35884358;Rosuvastatina;C10AA07
35884509;Rosuvastatina;C10AA07
35885058;Rosuvastatina;C10AA07
35885209;Rosuvastatina;C10AA07
35885351;Rosuvastatina;C10AA07
35885502;Rosuvastatina;C10AA07
35890060;Etoricoxib;M01AH05
35890209;Etoricoxib;M01AH05
35890425;Etoricoxib;M01AH05
35895010;Dutasteride;G04CB02
35896012;Dutasteride;G04CB02
35918010;Tramadolo;N02AX02
35918034;Tramadolo;N02AX02
35918046;Tramadolo;N02AX02
35926017;Teriparatide;H05AA02
35983028;Acido carglumico;A16AA05
35983030;Acido carglumico;A16AA05
35986025;Tramadolo;N02AX02
35986052;Tramadolo;N02AX02
35986090;Tramadolo;N02AX02
35987054;Carvedilolo;C07AG02
36016145;Ezetimibe;C10AX09
36017147;Ezetimibe;C10AX09
36018149;Ezetimibe;C10AX09
36019014;Iloprost;B01AC11
36019040;Iloprost;B01AC11
36024038;Ceftazidima;J01DD02
36025017;Olmesartan medoxomil;C09CA08
36025068;Olmesartan medoxomil;C09CA08
36025118;Olmesartan medoxomil;C09CA08
36026019;Olmesartan medoxomil;C09CA08
36026060;Olmesartan medoxomil;C09CA08
36026110;Olmesartan medoxomil;C09CA08
36027011;Olmesartan medoxomil;C09CA08
36027062;Olmesartan medoxomil;C09CA08
36027112;Olmesartan medoxomil;C09CA08
36063055;Paroxetina;N06AB05
36197022;Paroxetina;N06AB05
36210021;Formoterolo;R03AC13
36213027;Formoterolo;R03AC13
36218028;Formoterolo;R03AC13
36304018;Desametasone;S02BA06
36304018;Desametasone;S01CB01
36304018;Desametasone;S01BA01
36304018;Desametasone;R01AD03
36304018;Desametasone;H02AB02
36304018;Desametasone;D07XB05
36304018;Desametasone;D07AB19
36304018;Desametasone;C05AA09
36304018;Desametasone;A01AC02
36304018;Desametasone;D10AA03
36304018;Desametasone;S03BA01
36345015;Acido folico;B03BB01
36346017;Acido folico;B03BB01
36362034;Flunisolide;R01AD04
36362034;Flunisolide;R03BA03
36362046;Flunisolide;R01AD04
36362046;Flunisolide;R03BA03
36363036;Flunisolide;R01AD04
36363036;Flunisolide;R03BA03
36363048;Flunisolide;R01AD04
36363048;Flunisolide;R03BA03
36364038;Flunisolide;R01AD04
36364038;Flunisolide;R03BA03
36364040;Flunisolide;R01AD04
36364040;Flunisolide;R03BA03
36371033;Flunisolide;R01AD04
36371033;Flunisolide;R03BA03
36372035;Flunisolide;R01AD04
36372035;Flunisolide;R03BA03
36373025;Everolimus;L04AA18
36373102;Everolimus;L04AA18
36373227;Everolimus;L04AA18
36437010;Desmopressina;H01BA02
36437022;Desmopressina;H01BA02
36451058;Paroxetina;N06AB05
36507046;Budesonide;R01AD05
36507046;Budesonide;H02AB16
36507046;Budesonide;D07AC09
36507046;Budesonide;A07EA06
36507046;Budesonide;R03BA02
36558031;Stronzio ranelato;M05BX03
36580025;Clobetasolo;D07AD01
36582183;Aripiprazolo;N05AX12
36583033;Somatropina;H01AC01
36588034;Stronzio ranelato;M05BX03
36598023;Cinacalcet;H05BX01
36598050;Cinacalcet;H05BX01
36598098;Cinacalcet;H05BX01
36635023;Colecalciferolo;A11CC05
36635035;Colecalciferolo;A11CC05
36672020;Tramadolo;N02AX02
36684013;Insulina glulisina;A10AB06
36684088;Insulina glulisina;A10AB06
36684328;Insulina glulisina;A10AB06
36685028;Mometasone;D07XC03
36685028;Mometasone;D07AC13
36685028;Mometasone;R01AD09
36685028;Mometasone;R03BA07
36685042;Mometasone;D07XC03
36685042;Mometasone;D07AC13
36685042;Mometasone;R01AD09
36685042;Mometasone;R03BA07
36688012;Tetrabenazina;N05AK01
36688012;Tetrabenazina;N07XX06
36697035;Tramadolo;N02AX02
36730012;Fentanil;N01AH01
36730012;Fentanil;N02AB03
36730075;Fentanil;N01AH01
36730075;Fentanil;N02AB03
36730188;Fentanil;N02AB03
36730188;Fentanil;N01AH01
36730240;Fentanil;N02AB03
36730240;Fentanil;N01AH01
36745014;Anagrelide;B01AC14
36749024;Menotropina;G03GA02
36749036;Menotropina;G03GA02
36749048;Menotropina;G03GA02
36850055;Insulina detemir;A10AE05
36870018;Nitisinone;A16AX04
36870020;Nitisinone;A16AX04
36870032;Nitisinone;A16AX04
36892053;Omalizumab;R03DX05
36892089;Omalizumab;R03DX05
36906016;Liotironina;H03AA02
36906030;Liotironina;H03AA02
36906042;Liotironina;H03AA02
36906055;Liotironina;H03AA02
36982015;Sildenafil;G04BE03
36982039;Sildenafil;G04BE03
37003023;Tramadolo;N02AX02
37003148;Tramadolo;N02AX02
37040058;Metformina;A10BA02
37063056;Atomoxetina;N06BA09
37063094;Atomoxetina;N06BA09
37063118;Atomoxetina;N06BA09
37063132;Atomoxetina;N06BA09
37063157;Atomoxetina;N06BA09
37063171;Atomoxetina;N06BA09
37063195;Atomoxetina;N06BA09
37063233;Atomoxetina;N06BA09
37063260;Atomoxetina;N06BA09
37063272;Atomoxetina;N06BA09
37063308;Atomoxetina;N06BA09
37063310;Atomoxetina;N06BA09
37106046;Somatropina;H01AC01
37106073;Somatropina;H01AC01
37106109;Somatropina;H01AC01
37106135;Somatropina;H01AC01
37106162;Somatropina;H01AC01
37124031;Lansoprazolo;A02BC03
37124169;Lansoprazolo;A02BC03
37133055;Tramadolo;N02AX02
37396037;Idromorfone;N02AA03
37396153;Idromorfone;N02AA03
37396278;Idromorfone;N02AA03
37396393;Idromorfone;N02AA03
37396518;Idromorfone;N02AA03
37405026;Fentanil;N01AH01
37405026;Fentanil;N02AB03
37405077;Fentanil;N01AH01
37405077;Fentanil;N02AB03
37405127;Fentanil;N01AH01
37405127;Fentanil;N02AB03
37405178;Fentanil;N01AH01
37405178;Fentanil;N02AB03
37405228;Fentanil;N01AH01
37405228;Fentanil;N02AB03
37446059;Claritromicina;J01FA09
37506019;Carteololo;C07AA15
37506019;Carteololo;S01ED05
37506033;Carteololo;C07AA15
37506033;Carteololo;S01ED05
37563018;Fentanil;N01AH01
37563018;Fentanil;N02AB03
37563057;Fentanil;N01AH01
37563057;Fentanil;N02AB03
37563095;Fentanil;N01AH01
37563095;Fentanil;N02AB03
37563133;Fentanil;N01AH01
37563133;Fentanil;N02AB03
37563222;Fentanil;N01AH01
37563222;Fentanil;N02AB03
37564022;Colecalciferolo;A11CC05
37564034;Colecalciferolo;A11CC05
37607241;Pravastatina;C10AA03
37607367;Pravastatina;C10AA03
37609017;Fentanil;N01AH01
37609017;Fentanil;N02AB03
37609056;Fentanil;N02AB03
37609056;Fentanil;N01AH01
37609094;Fentanil;N01AH01
37609094;Fentanil;N02AB03
37609132;Fentanil;N01AH01
37609132;Fentanil;N02AB03
37685029;Bupropione;N07BA02
37685056;Bupropione;N07BA02
37697024;Bupropione;N07BA02
37697051;Bupropione;N07BA02
37700010;Timololo;C07AA06
37700010;Timololo;S01ED01
37769039;Clobetasolo;D07AD01
37782226;Ramipril;C09AA05
37782380;Ramipril;C09AA05
37782582;Ramipril;C09AA05
37783077;Fentanil;N01AH01
37783077;Fentanil;N02AB03
37797014;Betaina;A16AA06
37823022;Pravastatina;C10AA03
3785033;Cianocobalamina;B03BA01
3785058;Cianocobalamina;B03BA01
37870019;Paroxetina;N06AB05
37875073;Risperidone;N05AX08
37875186;Risperidone;N05AX08
37875299;Risperidone;N05AX08
37875402;Risperidone;N05AX08
37880061;Rupatadina;R06AX28
37880097;Rupatadina;R06AX28
37888068;Rupatadina;R06AX28
37888094;Rupatadina;R06AX28
37941010;Tramadolo;N02AX02
37956048;Ramipril;C09AA05
38008013;Estradiolo;G03CA03
38031163;Acido alendronico;M05BA04
38054019;Cetirizina;R06AE07
38217016;Rufinamide;N03AF03
38217093;Rufinamide;N03AF03
38217143;Rufinamide;N03AF03
38218018;Tacrolimus;L04AD02
38218018;Tacrolimus;L04AA05
38218018;Tacrolimus;D11AX14
38218057;Tacrolimus;D11AX14
38218057;Tacrolimus;L04AA05
38218057;Tacrolimus;L04AD02
38218071;Tacrolimus;D11AX14
38218071;Tacrolimus;L04AD02
38218071;Tacrolimus;L04AA05
38218119;Tacrolimus;D11AX14
38218119;Tacrolimus;L04AD02
38218119;Tacrolimus;L04AA05
38309074;Sertralina;N06AB06
38309264;Sertralina;N06AB06
38316422;Venlafaxina;N06AX16
38317044;Acido alendronico;M05BA04
38371011;Miconazolo;A07AC01
38371011;Miconazolo;D01AC02
38371011;Miconazolo;A01AB09
38371011;Miconazolo;J02AB01
38371011;Miconazolo;G01AF04
38371011;Miconazolo;S02AA13
38373015;Carteololo;C07AA15
38373015;Carteololo;S01ED05
38373027;Carteololo;S01ED05
38373027;Carteololo;C07AA15
38407019;Fentanil;N02AB03
38407019;Fentanil;N01AH01
38407084;Fentanil;N02AB03
38407084;Fentanil;N01AH01
38407159;Fentanil;N01AH01
38407159;Fentanil;N02AB03
38407223;Fentanil;N02AB03
38407223;Fentanil;N01AH01
38471025;Acido alendronico;M05BA04
38550036;Finasteride;D11AX10
38550036;Finasteride;G04CB01
38592022;Clobetasolo;D07AD01
38611036;Latanoprost;S01EE01
38612038;Latanoprost;S01EE01
38613030;Latanoprost;S01EE01
38660015;Fentanil;N01AH01
38660015;Fentanil;N02AB03
38660039;Fentanil;N01AH01
38660039;Fentanil;N02AB03
38660054;Fentanil;N02AB03
38660054;Fentanil;N01AH01
38660078;Fentanil;N02AB03
38660078;Fentanil;N01AH01
38660092;Fentanil;N02AB03
38660092;Fentanil;N01AH01
38713095;Lisinopril;C09AA03
38713259;Lisinopril;C09AA03
38736031;Fentanil;N02AB03
38736031;Fentanil;N01AH01
38736056;Fentanil;N02AB03
38736056;Fentanil;N01AH01
38736070;Fentanil;N02AB03
38736070;Fentanil;N01AH01
38736094;Fentanil;N02AB03
38736094;Fentanil;N01AH01
38736118;Fentanil;N02AB03
38736118;Fentanil;N01AH01
38736132;Fentanil;N01AH01
38736132;Fentanil;N02AB03
38744052;Rivaroxaban;B01AX06
38744064;Rivaroxaban;B01AX06
38744076;Rivaroxaban;B01AX06
38744138;Rivaroxaban;B01AX06
38744189;Rivaroxaban;B01AX06
38822058;Paroxetina;N06AB05
38873030;Ciclesonide;R03BA08
38873055;Ciclesonide;R03BA08
38904278;Ossigeno;V03AN01
38904280;Ossigeno;V03AN01
38904292;Ossigeno;V03AN01
38904304;Ossigeno;V03AN01
38904316;Ossigeno;V03AN01
38904328;Ossigeno;V03AN01
38904330;Ossigeno;V03AN01
38904417;Ossigeno;V03AN01
38904429;Ossigeno;V03AN01
38904431;Ossigeno;V03AN01
38904443;Ossigeno;V03AN01
38904456;Ossigeno;V03AN01
38904468;Ossigeno;V03AN01
38904470;Ossigeno;V03AN01
38904482;Ossigeno;V03AN01
38904494;Ossigeno;V03AN01
38904506;Ossigeno;V03AN01
38904518;Ossigeno;V03AN01
38904520;Ossigeno;V03AN01
38904532;Ossigeno;V03AN01
38904619;Ossigeno;V03AN01
38904621;Ossigeno;V03AN01
38904633;Ossigeno;V03AN01
38904645;Ossigeno;V03AN01
38904850;Ossigeno;V03AN01
38904862;Ossigeno;V03AN01
38904874;Ossigeno;V03AN01
38907059;Ossigeno;V03AN01
38907061;Ossigeno;V03AN01
38907073;Ossigeno;V03AN01
38907085;Ossigeno;V03AN01
38907097;Ossigeno;V03AN01
38907109;Ossigeno;V03AN01
38907162;Ossigeno;V03AN01
38907174;Ossigeno;V03AN01
38907186;Ossigeno;V03AN01
38907198;Ossigeno;V03AN01
38907200;Ossigeno;V03AN01
38907212;Ossigeno;V03AN01
38907236;Ossigeno;V03AN01
38907248;Ossigeno;V03AN01
38907251;Ossigeno;V03AN01
38907263;Ossigeno;V03AN01
38907275;Ossigeno;V03AN01
38907287;Ossigeno;V03AN01
38908012;Ossigeno;V03AN01
38908024;Ossigeno;V03AN01
38908036;Ossigeno;V03AN01
38908048;Ossigeno;V03AN01
38908051;Ossigeno;V03AN01
38908176;Ossigeno;V03AN01
38908188;Ossigeno;V03AN01
38908190;Ossigeno;V03AN01
38908202;Ossigeno;V03AN01
38908265;Ossigeno;V03AN01
38908277;Ossigeno;V03AN01
38908291;Ossigeno;V03AN01
38908315;Ossigeno;V03AN01
38926034;Tafluprost;S01EE05
38941136;Ossigeno;V03AN01
38941148;Ossigeno;V03AN01
38941151;Ossigeno;V03AN01
38941163;Ossigeno;V03AN01
38941175;Ossigeno;V03AN01
38941187;Ossigeno;V03AN01
38941199;Ossigeno;V03AN01
38941201;Ossigeno;V03AN01
38941213;Ossigeno;V03AN01
38941225;Ossigeno;V03AN01
38941237;Ossigeno;V03AN01
38941249;Ossigeno;V03AN01
38941252;Ossigeno;V03AN01
38941264;Ossigeno;V03AN01
38941415;Ossigeno;V03AN01
38941427;Ossigeno;V03AN01
38941439;Ossigeno;V03AN01
38941441;Ossigeno;V03AN01
38941454;Ossigeno;V03AN01
38941466;Ossigeno;V03AN01
38941478;Ossigeno;V03AN01
38943078;Ossigeno;V03AN01
38943080;Ossigeno;V03AN01
38943092;Ossigeno;V03AN01
38943104;Ossigeno;V03AN01
38943116;Ossigeno;V03AN01
38943142;Ossigeno;V03AN01
38943155;Ossigeno;V03AN01
38943167;Ossigeno;V03AN01
38943179;Ossigeno;V03AN01
38943243;Ossigeno;V03AN01
38943256;Ossigeno;V03AN01
38943268;Ossigeno;V03AN01
38943270;Ossigeno;V03AN01
38943282;Ossigeno;V03AN01
38943294;Ossigeno;V03AN01
38943306;Ossigeno;V03AN01
38943318;Ossigeno;V03AN01
38943369;Ossigeno;V03AN01
38943371;Ossigeno;V03AN01
38943383;Ossigeno;V03AN01
38943395;Ossigeno;V03AN01
38943407;Ossigeno;V03AN01
38943419;Ossigeno;V03AN01
38943484;Ossigeno;V03AN01
38943496;Ossigeno;V03AN01
38944031;Ossigeno;V03AN01
38944043;Ossigeno;V03AN01
38944056;Ossigeno;V03AN01
38944068;Ossigeno;V03AN01
38944070;Ossigeno;V03AN01
38944082;Ossigeno;V03AN01
38944106;Ossigeno;V03AN01
38944157;Ossigeno;V03AN01
38944169;Ossigeno;V03AN01
38944171;Ossigeno;V03AN01
38944183;Ossigeno;V03AN01
38944195;Ossigeno;V03AN01
38944207;Ossigeno;V03AN01
38944219;Ossigeno;V03AN01
38944260;Ossigeno;V03AN01
38944272;Ossigeno;V03AN01
38944334;Ossigeno;V03AN01
38944346;Ossigeno;V03AN01
38944359;Ossigeno;V03AN01
38944361;Ossigeno;V03AN01
38960074;Ossigeno;V03AN01
38960086;Ossigeno;V03AN01
38960098;Ossigeno;V03AN01
38960100;Ossigeno;V03AN01
38961037;Ossigeno;V03AN01
38961049;Ossigeno;V03AN01
38961052;Ossigeno;V03AN01
38961064;Ossigeno;V03AN01
38961090;Ossigeno;V03AN01
38961102;Ossigeno;V03AN01
38961114;Ossigeno;V03AN01
38961126;Ossigeno;V03AN01
38961138;Ossigeno;V03AN01
38961177;Ossigeno;V03AN01
38961191;Ossigeno;V03AN01
38962015;Ossigeno;V03AN01
38962027;Ossigeno;V03AN01
38962039;Ossigeno;V03AN01
38962041;Ossigeno;V03AN01
38962078;Ossigeno;V03AN01
38962080;Ossigeno;V03AN01
38962092;Ossigeno;V03AN01
38962104;Ossigeno;V03AN01
38962116;Ossigeno;V03AN01
38962128;Ossigeno;V03AN01
38962179;Ossigeno;V03AN01
38962181;Ossigeno;V03AN01
38962193;Ossigeno;V03AN01
38962205;Ossigeno;V03AN01
38963031;Ossigeno;V03AN01
38963043;Ossigeno;V03AN01
38963056;Ossigeno;V03AN01
38963068;Ossigeno;V03AN01
38963070;Ossigeno;V03AN01
38963082;Ossigeno;V03AN01
38963106;Ossigeno;V03AN01
38986016;Prednisone;H02AB07
38986016;Prednisone;A07EA03
38986067;Prednisone;A07EA03
38986067;Prednisone;H02AB07
38986117;Prednisone;A07EA03
38986117;Prednisone;H02AB07
39014206;Fentanil;N01AH01
39014206;Fentanil;N02AB03
39017052;Ossigeno;V03AN01
39017064;Ossigeno;V03AN01
39017076;Ossigeno;V03AN01
39017088;Ossigeno;V03AN01
39017090;Ossigeno;V03AN01
39017102;Ossigeno;V03AN01
39017177;Ossigeno;V03AN01
39017189;Ossigeno;V03AN01
39017191;Ossigeno;V03AN01
39017203;Ossigeno;V03AN01
39017215;Ossigeno;V03AN01
39017266;Ossigeno;V03AN01
39017278;Ossigeno;V03AN01
39017280;Ossigeno;V03AN01
39017292;Ossigeno;V03AN01
39017342;Ossigeno;V03AN01
39017355;Ossigeno;V03AN01
39017367;Ossigeno;V03AN01
39017379;Ossigeno;V03AN01
39017468;Ossigeno;V03AN01
39017470;Ossigeno;V03AN01
39017482;Ossigeno;V03AN01
39017595;Ossigeno;V03AN01
39017607;Ossigeno;V03AN01
39017621;Ossigeno;V03AN01
39019017;Ossigeno;V03AN01
39019029;Ossigeno;V03AN01
39019043;Ossigeno;V03AN01
39019056;Ossigeno;V03AN01
39019068;Ossigeno;V03AN01
39037015;Gabapentin;N03AX12
39058033;Ossigeno;V03AN01
39058045;Ossigeno;V03AN01
39058058;Ossigeno;V03AN01
39058060;Ossigeno;V03AN01
39058072;Ossigeno;V03AN01
39058084;Ossigeno;V03AN01
39058096;Ossigeno;V03AN01
39058108;Ossigeno;V03AN01
39058110;Ossigeno;V03AN01
39058122;Ossigeno;V03AN01
39058134;Ossigeno;V03AN01
39058146;Ossigeno;V03AN01
39058159;Ossigeno;V03AN01
39058161;Ossigeno;V03AN01
39058173;Ossigeno;V03AN01
39103039;Ossigeno;V03AN01
39103041;Ossigeno;V03AN01
39103080;Ossigeno;V03AN01
39103092;Ossigeno;V03AN01
39103104;Ossigeno;V03AN01
39103116;Ossigeno;V03AN01
39103128;Ossigeno;V03AN01
39103130;Ossigeno;V03AN01
39103179;Ossigeno;V03AN01
39103181;Ossigeno;V03AN01
39106012;Ossigeno;V03AN01
39106036;Ossigeno;V03AN01
39106048;Ossigeno;V03AN01
39106051;Ossigeno;V03AN01
39106063;Ossigeno;V03AN01
39106075;Ossigeno;V03AN01
39106099;Ossigeno;V03AN01
39106101;Ossigeno;V03AN01
39106113;Ossigeno;V03AN01
39106125;Ossigeno;V03AN01
39106137;Ossigeno;V03AN01
39106176;Ossigeno;V03AN01
39106188;Ossigeno;V03AN01
39106190;Ossigeno;V03AN01
39106202;Ossigeno;V03AN01
39106214;Ossigeno;V03AN01
39106238;Ossigeno;V03AN01
39106277;Ossigeno;V03AN01
39106289;Ossigeno;V03AN01
39109018;Ossigeno;V03AN01
39109044;Ossigeno;V03AN01
39109057;Ossigeno;V03AN01
39110109;Ossigeno;V03AN01
39110111;Ossigeno;V03AN01
39110123;Ossigeno;V03AN01
39110135;Ossigeno;V03AN01
39110147;Ossigeno;V03AN01
39110212;Ossigeno;V03AN01
39110224;Ossigeno;V03AN01
39110236;Ossigeno;V03AN01
39110248;Ossigeno;V03AN01
39110251;Ossigeno;V03AN01
39110263;Ossigeno;V03AN01
39110275;Ossigeno;V03AN01
39110287;Ossigeno;V03AN01
39110299;Ossigeno;V03AN01
39110301;Ossigeno;V03AN01
39110313;Ossigeno;V03AN01
39110325;Ossigeno;V03AN01
39110440;Ossigeno;V03AN01
39110453;Ossigeno;V03AN01
39110465;Ossigeno;V03AN01
39110477;Ossigeno;V03AN01
39110489;Ossigeno;V03AN01
39110503;Ossigeno;V03AN01
39110515;Ossigeno;V03AN01
39110527;Ossigeno;V03AN01
39110539;Ossigeno;V03AN01
39125012;Filgrastim;L03AA02
39125051;Filgrastim;L03AA02
39131026;Ossigeno;V03AN01
39131038;Ossigeno;V03AN01
39131040;Ossigeno;V03AN01
39131053;Ossigeno;V03AN01
39131065;Ossigeno;V03AN01
39131089;Ossigeno;V03AN01
39132042;Ossigeno;V03AN01
39132055;Ossigeno;V03AN01
39132067;Ossigeno;V03AN01
39132079;Ossigeno;V03AN01
39132081;Ossigeno;V03AN01
39132117;Ossigeno;V03AN01
39132129;Ossigeno;V03AN01
39132143;Ossigeno;V03AN01
39132156;Ossigeno;V03AN01
39132168;Ossigeno;V03AN01
39132307;Ossigeno;V03AN01
39132319;Ossigeno;V03AN01
39132333;Ossigeno;V03AN01
39132360;Ossigeno;V03AN01
39132372;Ossigeno;V03AN01
39133044;Ossigeno;V03AN01
39133057;Ossigeno;V03AN01
39133069;Ossigeno;V03AN01
39133071;Ossigeno;V03AN01
39133083;Ossigeno;V03AN01
39133095;Ossigeno;V03AN01
39133107;Ossigeno;V03AN01
39133158;Ossigeno;V03AN01
39133160;Ossigeno;V03AN01
39133172;Ossigeno;V03AN01
39133273;Ossigeno;V03AN01
39133285;Ossigeno;V03AN01
39133297;Ossigeno;V03AN01
39133309;Ossigeno;V03AN01
39133311;Ossigeno;V03AN01
39133323;Ossigeno;V03AN01
39133335;Ossigeno;V03AN01
39134046;Ossigeno;V03AN01
39134059;Ossigeno;V03AN01
39134061;Ossigeno;V03AN01
39134073;Ossigeno;V03AN01
39134147;Ossigeno;V03AN01
39134150;Ossigeno;V03AN01
39134162;Ossigeno;V03AN01
39134174;Ossigeno;V03AN01
39134186;Ossigeno;V03AN01
39134224;Ossigeno;V03AN01
39134299;Ossigeno;V03AN01
39134313;Ossigeno;V03AN01
39134325;Ossigeno;V03AN01
39134337;Ossigeno;V03AN01
39134349;Ossigeno;V03AN01
39134352;Ossigeno;V03AN01
39134376;Ossigeno;V03AN01
39134388;Ossigeno;V03AN01
39134390;Ossigeno;V03AN01
39134402;Ossigeno;V03AN01
39134438;Ossigeno;V03AN01
39134453;Ossigeno;V03AN01
39134465;Ossigeno;V03AN01
39134477;Ossigeno;V03AN01
39134489;Ossigeno;V03AN01
39134515;Ossigeno;V03AN01
39134527;Ossigeno;V03AN01
39134539;Ossigeno;V03AN01
39150180;Ossigeno;V03AN01
39150192;Ossigeno;V03AN01
39150204;Ossigeno;V03AN01
39150216;Ossigeno;V03AN01
39150228;Ossigeno;V03AN01
39150230;Ossigeno;V03AN01
39150242;Ossigeno;V03AN01
39150255;Ossigeno;V03AN01
39150267;Ossigeno;V03AN01
39150279;Ossigeno;V03AN01
39150281;Ossigeno;V03AN01
39150293;Ossigeno;V03AN01
39150305;Ossigeno;V03AN01
39150317;Ossigeno;V03AN01
39150356;Ossigeno;V03AN01
39150368;Ossigeno;V03AN01
39150370;Ossigeno;V03AN01
39160015;Ossigeno;V03AN01
39160027;Ossigeno;V03AN01
39160039;Ossigeno;V03AN01
39160041;Ossigeno;V03AN01
39160054;Ossigeno;V03AN01
39160080;Ossigeno;V03AN01
39160092;Ossigeno;V03AN01
39160104;Ossigeno;V03AN01
39160116;Ossigeno;V03AN01
39160128;Ossigeno;V03AN01
39160155;Ossigeno;V03AN01
39160167;Ossigeno;V03AN01
39259039;Ossigeno;V03AN01
39259041;Ossigeno;V03AN01
39259054;Ossigeno;V03AN01
39259078;Ossigeno;V03AN01
39259080;Ossigeno;V03AN01
39259104;Ossigeno;V03AN01
39259116;Ossigeno;V03AN01
39333012;Paromomicina;A07AA06
39359017;Fentanil;N02AB03
39359017;Fentanil;N01AH01
39359029;Fentanil;N01AH01
39359029;Fentanil;N02AB03
39359031;Fentanil;N02AB03
39359031;Fentanil;N01AH01
39359043;Fentanil;N01AH01
39359043;Fentanil;N02AB03
39480064;Sevelamer;V03AE02
39481092;Filgrastim;L03AA02
39481104;Filgrastim;L03AA02
39542016;Fentanil;N02AB03
39542016;Fentanil;N01AH01
39542028;Fentanil;N02AB03
39542028;Fentanil;N01AH01
39542042;Fentanil;N01AH01
39542042;Fentanil;N02AB03
39542055;Fentanil;N02AB03
39542055;Fentanil;N01AH01
39542079;Fentanil;N01AH01
39542079;Fentanil;N02AB03
39542081;Fentanil;N02AB03
39542081;Fentanil;N01AH01
39598026;Tadalafil;G04BE08
39626027;Carteololo;S01ED05
39626027;Carteololo;C07AA15
39626039;Carteololo;C07AA15
39626039;Carteololo;S01ED05
39726245;Bicalutamide;L02BB03
39784020;Fentanil;N01AH01
39784020;Fentanil;N02AB03
39784261;Fentanil;N01AH01
39784261;Fentanil;N02AB03
39784347;Fentanil;N02AB03
39784347;Fentanil;N01AH01
39784588;Fentanil;N01AH01
39784588;Fentanil;N02AB03
39838040;Lisinopril;C09AA03
39846023;Metformina;A10BA02
39846086;Metformina;A10BA02
39846175;Metformina;A10BA02
39942038;Pramipexolo;N04BC05
39942077;Pramipexolo;N04BC05
39982018;Sumatriptan;N02CC01
40014019;Octreotide;H01CB02
40014021;Octreotide;H01CB02
40014033;Octreotide;H01CB02
40108033;Denosumab;M05BX04
40124048;Esomeprazolo;A02BC05
40124113;Esomeprazolo;A02BC05
40128047;Atorvastatina;C10AA05
40128100;Atorvastatina;C10AA05
40128151;Atorvastatina;C10AA05
40158014;Filgrastim;L03AA02
40158040;Filgrastim;L03AA02
40158077;Filgrastim;L03AA02
40246011;Acido alendronico;M05BA04
40328015;Fentanil;N02AB03
40328015;Fentanil;N01AH01
40328027;Fentanil;N02AB03
40328027;Fentanil;N01AH01
40328039;Fentanil;N02AB03
40328039;Fentanil;N01AH01
40328041;Fentanil;N02AB03
40328041;Fentanil;N01AH01
40335022;Lidocaina;D04AB01
40335022;Lidocaina;N01BB02
40335022;Lidocaina;C05AD01
40335022;Lidocaina;C01BB01
40335022;Lidocaina;S01HA07
40335022;Lidocaina;R02AD02
40335022;Lidocaina;S02DA01
40335059;Lidocaina;C05AD01
40335059;Lidocaina;S01HA07
40335059;Lidocaina;R02AD02
40335059;Lidocaina;D04AB01
40335059;Lidocaina;C01BB01
40335059;Lidocaina;S02DA01
40335059;Lidocaina;N01BB02
40622033;Acido alendronico;M05BA04
40627022;Acido folico;B03BB01
40679033;Atorvastatina;C10AA05
40679108;Atorvastatina;C10AA05
40679173;Atorvastatina;C10AA05
40679247;Atorvastatina;C10AA05
40679312;Atorvastatina;C10AA05
40679387;Atorvastatina;C10AA05
40679452;Atorvastatina;C10AA05
40679526;Atorvastatina;C10AA05
40745010;Venlafaxina;N06AX16
40778019;Ossigeno;V03AN01
40778021;Ossigeno;V03AN01
40778033;Ossigeno;V03AN01
40778045;Ossigeno;V03AN01
40778058;Ossigeno;V03AN01
40778060;Ossigeno;V03AN01
40778072;Ossigeno;V03AN01
40778084;Ossigeno;V03AN01
40778096;Ossigeno;V03AN01
40778108;Ossigeno;V03AN01
40778110;Ossigeno;V03AN01
40778122;Ossigeno;V03AN01
40778134;Ossigeno;V03AN01
40778146;Ossigeno;V03AN01
40778159;Ossigeno;V03AN01
40778161;Ossigeno;V03AN01
40778173;Ossigeno;V03AN01
40778185;Ossigeno;V03AN01
40778209;Ossigeno;V03AN01
40778211;Ossigeno;V03AN01
40778223;Ossigeno;V03AN01
40778235;Ossigeno;V03AN01
40778286;Ossigeno;V03AN01
40778298;Ossigeno;V03AN01
40783021;Donepezil;N06DA02
40783173;Donepezil;N06DA02
40950038;Quetiapina;N05AH04
40950089;Quetiapina;N05AH04
40950127;Quetiapina;N05AH04
40950166;Quetiapina;N05AH04
41025026;Irbesartan;C09CA04
41025038;Irbesartan;C09CA04
41057047;Montelukast;R03DC03
41164397;Fentanil;N01AH01
41164397;Fentanil;N02AB03
41164435;Fentanil;N02AB03
41164435;Fentanil;N01AH01
41164474;Fentanil;N02AB03
41164474;Fentanil;N01AH01
41164512;Fentanil;N02AB03
41164512;Fentanil;N01AH01
41164625;Fentanil;N02AB03
41164625;Fentanil;N01AH01
41176025;Omeprazolo;A02BC01
41176140;Omeprazolo;A02BC01
41180365;Tacrolimus;L04AA05
41180365;Tacrolimus;D11AX14
41180365;Tacrolimus;L04AD02
41180466;Tacrolimus;L04AD02
41180466;Tacrolimus;D11AX14
41180466;Tacrolimus;L04AA05
41300017;Denosumab;M05BX04
41380015;Boceprevir;J05AE12
41380027;Boceprevir;J05AE12
41397100;Everolimus;L04AA18
41397124;Everolimus;L04AA18
41406012;Beclometasone;R01AD01
41406012;Beclometasone;R03BA01
41406012;Beclometasone;A07EA07
41406012;Beclometasone;D07AC15
41406036;Beclometasone;A07EA07
41406036;Beclometasone;D07AC15
41406036;Beclometasone;R03BA01
41406036;Beclometasone;R01AD01
41438021;Metilfenidato;N06BA04
41438045;Metilfenidato;N06BA04
41438060;Metilfenidato;N06BA04
41438084;Metilfenidato;N06BA04
41438108;Metilfenidato;N06BA04
41466044;Levetiracetam;N03AX14
41466160;Levetiracetam;N03AX14
41889041;Metilfenidato;N06BA04
41889104;Metilfenidato;N06BA04
41889155;Metilfenidato;N06BA04
42005013;Levodropropizina;R05DB27
42018010;Riluzolo;N07XX02
42021016;Midazolam;N05CD08
42021028;Midazolam;N05CD08
42021030;Midazolam;N05CD08
42021042;Midazolam;N05CD08
42085011;Fluvastatina;C10AA04
42164018;Lenograstim;L03AA10
42223103;Colecalciferolo;A11CC05
42306035;Glicopirronio;A03AB02
42313039;Glicopirronio;A03AB02
42415063;Fentanil;N01AH01
42415063;Fentanil;N02AB03
42415149;Fentanil;N02AB03
42415149;Fentanil;N01AH01
42415226;Fentanil;N02AB03
42415226;Fentanil;N01AH01
42415303;Fentanil;N02AB03
42415303;Fentanil;N01AH01
42415380;Fentanil;N02AB03
42415380;Fentanil;N01AH01
42415467;Fentanil;N02AB03
42415467;Fentanil;N01AH01
42501181;Capecitabina;L01BC06
42640110;Capecitabina;L01BC06
42743017;Levodropropizina;R05DB27
42840013;Estradiolo;G03CA03
42917017;Sodio fenilbutirrato;A16AX03
42972024;Acido folico;B03BB01
43082015;Fluticasone;D07AC17
43082015;Fluticasone;R03BA05
43082015;Fluticasone;R01AD08
43082027;Fluticasone;R03BA05
43082027;Fluticasone;R01AD08
43082027;Fluticasone;D07AC17
43094010;Metirapone;V04CD01
43114014;Clobetasolo;D07AD01
43215058;Paracalcitolo;A11CC07
43368012;Propranololo;C07AA05
43461033;Budesonide;H02AB16
43461033;Budesonide;A07EA06
43461033;Budesonide;R03BA02
43461033;Budesonide;R01AD05
43461033;Budesonide;D07AC09
43518012;Fentanil;N01AH01
43518012;Fentanil;N02AB03
43518024;Fentanil;N02AB03
43518024;Fentanil;N01AH01
43518036;Fentanil;N01AH01
43518036;Fentanil;N02AB03
43518048;Fentanil;N02AB03
43518048;Fentanil;N01AH01
43518051;Fentanil;N02AB03
43518051;Fentanil;N01AH01
43531019;Tacrolimus;L04AD02
43531019;Tacrolimus;L04AA05
43531019;Tacrolimus;D11AX14
43531058;Tacrolimus;L04AD02
43531058;Tacrolimus;L04AA05
43531058;Tacrolimus;D11AX14
43531072;Tacrolimus;L04AD02
43531072;Tacrolimus;L04AA05
43531072;Tacrolimus;D11AX14
43561012;Prednisolone;S03BA02
43561012;Prednisolone;S02BA03
43561012;Prednisolone;S01CB02
43561012;Prednisolone;S01BA04
43561012;Prednisolone;R01AD02
43561012;Prednisolone;H02AB06
43561012;Prednisolone;D07XA02
43561012;Prednisolone;D07AA03
43561012;Prednisolone;C05AA04
43561012;Prednisolone;A07EA01
43561048;Prednisolone;S03BA02
43561048;Prednisolone;S02BA03
43561048;Prednisolone;S01CB02
43561048;Prednisolone;S01BA04
43561048;Prednisolone;R01AD02
43561048;Prednisolone;H02AB06
43561048;Prednisolone;D07XA02
43561048;Prednisolone;D07AA03
43561048;Prednisolone;C05AA04
43561048;Prednisolone;A07EA01
43561051;Prednisolone;C05AA04
43561051;Prednisolone;S03BA02
43561051;Prednisolone;S02BA03
43561051;Prednisolone;S01CB02
43561051;Prednisolone;S01BA04
43561051;Prednisolone;R01AD02
43561051;Prednisolone;H02AB06
43561051;Prednisolone;D07XA02
43561051;Prednisolone;D07AA03
43561051;Prednisolone;A07EA01
43561087;Prednisolone;S03BA02
43561087;Prednisolone;S02BA03
43561087;Prednisolone;S01CB02
43561087;Prednisolone;S01BA04
43561087;Prednisolone;R01AD02
43561087;Prednisolone;H02AB06
43561087;Prednisolone;D07XA02
43561087;Prednisolone;D07AA03
43561087;Prednisolone;C05AA04
43561087;Prednisolone;A07EA01
43604026;Mometasone;R03BA07
43604026;Mometasone;D07XC03
43604026;Mometasone;D07AC13
43604026;Mometasone;R01AD09
43604038;Mometasone;R03BA07
43604038;Mometasone;D07XC03
43604038;Mometasone;D07AC13
43604038;Mometasone;R01AD09
43615057;Filgrastim;L03AA02
43658032;Insulina glargine;A10AE04
43658071;Insulina glargine;A10AE04
43699014;Mometasone;R03BA07
43699014;Mometasone;D07XC03
43699014;Mometasone;D07AC13
43699014;Mometasone;R01AD09
43699026;Mometasone;R03BA07
43699026;Mometasone;D07XC03
43699026;Mometasone;D07AC13
43699026;Mometasone;R01AD09
43781018;Ketoconazolo;G01AF11
43781018;Ketoconazolo;D01AC08
43781018;Ketoconazolo;J02AB02
44001016;Timololo;S01ED01
44001016;Timololo;C07AA06
44257121;Metotrexato;L04AX03
44257121;Metotrexato;L01BA01
44501017;Timololo;S01ED01
44501017;Timololo;C07AA06
4561015;Cortisone;S01BA03
4561015;Cortisone;H02AB10
5239052;Progesterone;G03DA04
5472028;Tiamazolo;H03BB02
6035063;Nitroglicerina;C01DA02
6141016;Neostigmina;S01EB06
6141016;Neostigmina;N07AA01
6455051;Isoniazide;J04AC01
7893124;Eritromicina;J01FA01
7893124;Eritromicina;S01AA17
7893124;Eritromicina;D10AF02
7893151;Eritromicina;J01FA01
7893151;Eritromicina;S01AA17
7893151;Eritromicina;D10AF02
7893163;Eritromicina;J01FA01
7893163;Eritromicina;S01AA17
7893163;Eritromicina;D10AF02
7893175;Eritromicina;J01FA01
7893175;Eritromicina;S01AA17
7893175;Eritromicina;D10AF02
7893187;Eritromicina;J01FA01
7893187;Eritromicina;S01AA17
7893187;Eritromicina;D10AF02
7893199;Eritromicina;J01FA01
7893199;Eritromicina;S01AA17
7893199;Eritromicina;D10AF02
7899014;Clorpromazina;N05AA01
7899026;Clorpromazina;N05AA01
7899038;Clorpromazina;N05AA01
8776015;Fitomenadione;B02BA01
8776066;Fitomenadione;B02BA01
9277017;Acetazolamide;S01EC01
9286016;Piridostigmina;N07AA02
9286042;Piridostigmina;N07AA02
9340011;Primidone;N03AA03
9746025;Testosterone;G03BA03
9964038;Colchicina;M04AC01
